{"cameraMode":{"drawMode":0,"name":"Shaded","section":"Shading Mode"},"sceneLighting":false,"audioPlay":false,"sceneViewState":{"m_AlwaysRefresh":false,"showFog":true,"showSkybox":false,"showFlares":true,"showImageEffects":true,"showParticleSystems":true,"showVisualEffectGraphs":true,"m_FxEnabled":true},"in2DMode":false,"pivot":{"x":-15.897871971130371,"y":0.7742968797683716,"z":21.178993225097658},"rotation":{"x":0.20862050354480744,"y":-0.6403343677520752,"z":0.18678304553031922,"w":0.7152546644210815},"size":1.240066647529602,"orthographic":false}