{"cameraMode":{"drawMode":0,"name":"Shaded","section":"Shading Mode"},"sceneLighting":false,"audioPlay":false,"sceneViewState":{"m_AlwaysRefresh":false,"showFog":true,"showSkybox":false,"showFlares":true,"showImageEffects":true,"showParticleSystems":true,"showVisualEffectGraphs":true,"m_FxEnabled":true},"in2DMode":false,"pivot":{"x":1.3676871061325074,"y":0.7639442682266235,"z":0.11494159698486328},"rotation":{"x":0.01121650543063879,"y":0.986930787563324,"z":-0.14039595425128938,"w":0.07860857248306275},"size":2.2914366722106935,"orthographic":false}