{"cameraMode":{"drawMode":0,"name":"Shaded","section":"Shading Mode"},"sceneLighting":false,"audioPlay":false,"sceneViewState":{"m_AlwaysRefresh":false,"showFog":true,"showSkybox":false,"showFlares":true,"showImageEffects":true,"showParticleSystems":true,"showVisualEffectGraphs":true,"m_FxEnabled":true},"in2DMode":false,"pivot":{"x":-0.2650837302207947,"y":2.2818760871887209,"z":1.8257884979248047},"rotation":{"x":0.053201865404844287,"y":-0.9391013979911804,"z":0.29390817880630495,"w":0.17002400755882264},"size":0.5498096942901611,"orthographic":false}