{"cameraMode":{"drawMode":0,"name":"Shaded","section":"Shading Mode"},"sceneLighting":false,"audioPlay":false,"sceneViewState":{"m_AlwaysRefresh":false,"showFog":true,"showSkybox":false,"showFlares":true,"showImageEffects":true,"showParticleSystems":true,"showVisualEffectGraphs":true,"m_FxEnabled":true},"in2DMode":false,"pivot":{"x":-1.9149807691574097,"y":5.479669094085693,"z":15.986730575561524},"rotation":{"x":-0.0036390586756169798,"y":0.9645595550537109,"z":-0.013321048580110073,"w":-0.26352521777153017},"size":0.07700775563716889,"orthographic":false}