{"cameraMode":{"drawMode":0,"name":"Shaded","section":"Shading Mode"},"sceneLighting":false,"audioPlay":false,"sceneViewState":{"m_AlwaysRefresh":false,"showFog":true,"showSkybox":false,"showFlares":true,"showImageEffects":true,"showParticleSystems":true,"showVisualEffectGraphs":true,"m_FxEnabled":true},"in2DMode":false,"pivot":{"x":-1.5792429447174073,"y":3.156895637512207,"z":-0.20215845108032227},"rotation":{"x":-0.03428320214152336,"y":0.9385202527046204,"z":-0.09778998792171478,"w":-0.3293698728084564},"size":2.3952510356903078,"orthographic":false}